{"cameraMode":{"drawMode":0,"name":"Shaded","section":"Shading Mode"},"sceneLighting":false,"audioPlay":false,"sceneViewState":{"showFog":true,"showMaterialUpdate":false,"showSkybox":true,"showFlares":true,"showImageEffects":true,"showParticleSystems":true},"in2DMode":false,"pivot":{"x":8.858869552612305,"y":5.126398086547852,"z":2.3728485107421877},"rotation":{"x":0.23651649057865144,"y":0.01545189693570137,"z":-0.0037616584450006487,"w":0.9714973568916321},"size":5.559062957763672,"orthographic":false}